NC,Zip,County,Green,Yellow,Red
NC,28115,Rowan County,,Yellow,
NC,28144,Rowan County,Green,,
NC,28023,Rowan County,,,Red
NC,28146,Rowan County,,,Red
NC,28159,Rowan County,Green,,
NC,28138,Rowan County,Green,,
NC,27013,Rowan County,Green,,
NC,28071,Rowan County,,,Red
NC,28147,Rowan County,Green,,
NC,28088,Rowan County,,Yellow,
NC,27054,Rowan County,,,Red
NC,28081,Rowan County,Green,,
NC,28083,Rowan County,,,Red
NC,28137,Rowan County,,,Red
NC,28125,Rowan County,,,Red
NC,28039,Rowan County,Green,,
NC,28127,Rowan County,,Yellow,
NC,28036,Rowan County,Green,,
NC,28041,Rowan County,,,Red
NC,27262,Guilford County,,,Red
NC,27406,Guilford County,,,Red
NC,27282,Guilford County,,Yellow,
NC,27405,Guilford County,,Yellow,
NC,27409,Guilford County,,,Red
NC,27407,Guilford County,Green,,
NC,27401,Guilford County,Green,,
NC,27260,Guilford County,Green,,
NC,27265,Guilford County,,,Red
NC,27403,Guilford County,,,Red
NC,27263,Guilford County,Green,,
NC,27301,Guilford County,,,Red
NC,27313,Guilford County,,,Red
NC,27284,Guilford County,Green,,
NC,27412,Guilford County,,,Red
NC,27455,Guilford County,Green,,
NC,27249,Guilford County,,Yellow,
NC,27214,Guilford County,,,Red
NC,27310,Guilford County,,,Red
NC,27408,Guilford County,,Yellow,
NC,27235,Guilford County,,,Red
NC,27358,Guilford County,,,Red
NC,27283,Guilford County,,,Red
NC,27410,Guilford County,Green,,
NC,27377,Guilford County,Green,,
NC,27357,Guilford County,,Yellow,
NC,27298,Guilford County,,,Red
NC,27320,Guilford County,Green,,
NC,27244,Guilford County,,,Red
NC,27233,Guilford County,Green,,
NC,27215,Guilford County,Green,,
NC,27317,Guilford County,Green,,
NC,28213,Mecklenburg County,Green,,
NC,28205,Mecklenburg County,,,Red
NC,28208,Mecklenburg County,,,Red
NC,28217,Mecklenburg County,,,Red
NC,28134,Mecklenburg County,,Yellow,
NC,28210,Mecklenburg County,Green,,
NC,28227,Mecklenburg County,,Yellow,
NC,28215,Mecklenburg County,,Yellow,
NC,28216,Mecklenburg County,Green,,
NC,28269,Mecklenburg County,,Yellow,
NC,28214,Mecklenburg County,,,Red
NC,28206,Mecklenburg County,,Yellow,
NC,28277,Mecklenburg County,,,Red
NC,28212,Mecklenburg County,,Yellow,
NC,28078,Mecklenburg County,Green,,
NC,28262,Mecklenburg County,,,Red
NC,28203,Mecklenburg County,,Yellow,
NC,28031,Mecklenburg County,,,Red
NC,28105,Mecklenburg County,Green,,
NC,28211,Mecklenburg County,,,Red
NC,28209,Mecklenburg County,,Yellow,
NC,28270,Mecklenburg County,Green,,
NC,28278,Mecklenburg County,,Yellow,
NC,28036,Mecklenburg County,Green,,
NC,28207,Mecklenburg County,Green,,
NC,28226,Mecklenburg County,,,Red
NC,28273,Mecklenburg County,Green,,
NC,28204,Mecklenburg County,Green,,
NC,28202,Mecklenburg County,,,Red
NC,28107,Mecklenburg County,,Yellow,
NC,28104,Mecklenburg County,,Yellow,
NC,28126,Mecklenburg County,Green,,
NC,28079,Mecklenburg County,,,Red
NC,28284,Mecklenburg County,,Yellow,
NC,28244,Mecklenburg County,,,Red
NC,28128,Stanly County,Green,,
NC,28001,Stanly County,,Yellow,
NC,28124,Stanly County,,Yellow,
NC,28129,Stanly County,,,Red
NC,28163,Stanly County,,Yellow,
NC,28097,Stanly County,,Yellow,
NC,28127,Stanly County,,Yellow,
NC,28137,Stanly County,Green,,
NC,28071,Stanly County,Green,,
NC,28009,Stanly County,,,Red
NC,28109,Stanly County,,Yellow,
NC,28107,Stanly County,Green,,
NC,28112,Union County,,Yellow,
NC,28079,Union County,,Yellow,
NC,28103,Union County,,Yellow,
NC,28104,Union County,,,Red
NC,28110,Union County,,,Red
NC,28174,Union County,Green,,
NC,28173,Union County,,,Red
NC,28133,Union County,,Yellow,
NC,28105,Union County,Green,,
NC,28227,Union County,,,Red
NC,28107,Union County,,,Red
NC,28108,Union County,Green,,
NC,28135,Union County,Green,,
NC,28602,Catawba County,,,Red
NC,28658,Catawba County,Green,,
NC,28610,Catawba County,Green,,
NC,28609,Catawba County,,Yellow,
NC,28601,Catawba County,Green,,
NC,28613,Catawba County,Green,,
NC,28673,Catawba County,Green,,
NC,28168,Catawba County,,Yellow,
NC,28650,Catawba County,,,Red
NC,28092,Catawba County,,,Red
NC,28037,Catawba County,Green,,
NC,28682,Catawba County,Green,,
NC,28090,Catawba County,,Yellow,
NC,28612,Catawba County,,Yellow,
NC,27107,Davidson County,,,Red
NC,27292,Davidson County,Green,,
NC,27295,Davidson County,Green,,
NC,27360,Davidson County,,Yellow,
NC,27127,Davidson County,Green,,
NC,27239,Davidson County,,,Red
NC,27265,Davidson County,Green,,
NC,27012,Davidson County,,Yellow,
NC,27262,Davidson County,Green,,
NC,27299,Davidson County,,,Red
NC,28127,Davidson County,,,Red
NC,27284,Davidson County,,,Red
NC,27712,Durham County,Green,,
NC,27707,Durham County,,,Red
NC,27703,Durham County,Green,,
NC,27701,Durham County,,,Red
NC,27704,Durham County,,,Red
NC,27705,Durham County,,Yellow,
NC,27713,Durham County,,,Red
NC,27572,Durham County,,,Red
NC,27503,Durham County,,,Red
NC,27613,Durham County,Green,,
NC,27517,Durham County,Green,,
NC,27560,Durham County,,,Red
NC,27278,Durham County,,,Red
NC,27709,Durham County,Green,,
NC,27617,Durham County,,,Red
NC,27516,Durham County,,Yellow,
NC,27583,Durham County,Green,,
NC,27711,Durham County,,Yellow,
NC,27105,Forsyth County,,Yellow,
NC,27107,Forsyth County,,,Red
NC,27050,Forsyth County,,,Red
NC,27104,Forsyth County,,,Red
NC,27284,Forsyth County,,,Red
NC,27127,Forsyth County,Green,,
NC,27051,Forsyth County,,Yellow,
NC,27012,Forsyth County,,Yellow,
NC,27101,Forsyth County,,,Red
NC,27103,Forsyth County,Green,,
NC,27052,Forsyth County,Green,,
NC,27009,Forsyth County,,Yellow,
NC,27040,Forsyth County,Green,,
NC,27019,Forsyth County,Green,,
NC,27106,Forsyth County,Green,,
NC,27045,Forsyth County,,Yellow,
NC,27023,Forsyth County,,,Red
NC,27265,Forsyth County,Green,,
NC,27021,Forsyth County,,Yellow,
NC,27357,Forsyth County,,Yellow,
NC,27235,Forsyth County,Green,,
NC,27010,Forsyth County,Green,,
NC,27110,Forsyth County,,,Red
NC,27109,Forsyth County,Green,,
NC,27157,Forsyth County,Green,,
NC,27205,Randolph County,,Yellow,
NC,27316,Randolph County,,Yellow,
NC,27263,Randolph County,Green,,
NC,27370,Randolph County,,Yellow,
NC,27203,Randolph County,Green,,
NC,27317,Randolph County,Green,,
NC,27233,Randolph County,Green,,
NC,27360,Randolph County,,,Red
NC,27341,Randolph County,Green,,
NC,27298,Randolph County,,Yellow,
NC,27239,Randolph County,Green,,
NC,27350,Randolph County,Green,,
NC,27248,Randolph County,Green,,
NC,27355,Randolph County,,Yellow,
NC,27344,Randolph County,Green,,
NC,27260,Randolph County,Green,,
NC,27313,Randolph County,,Yellow,
NC,27283,Randolph County,,Yellow,
NC,27208,Randolph County,,Yellow,
NC,27371,Randolph County,Green,,
NC,27325,Randolph County,,Yellow,
NC,27292,Randolph County,,Yellow,
NC,28127,Randolph County,Green,,
NC,28721,Haywood County,,,Red
NC,28786,Haywood County,Green,,
NC,28785,Haywood County,,Yellow,
NC,28716,Haywood County,,Yellow,
NC,28751,Haywood County,,,Red
NC,28745,Haywood County,,,Red
NC,28743,Haywood County,,Yellow,
NC,28715,Haywood County,,,Red
NC,28748,Buncombe County,,Yellow,
NC,28805,Buncombe County,,Yellow,
NC,28804,Buncombe County,,,Red
NC,28715,Buncombe County,,Yellow,
NC,28787,Buncombe County,,Yellow,
NC,28806,Buncombe County,Green,,
NC,28732,Buncombe County,,,Red
NC,28778,Buncombe County,,Yellow,
NC,28730,Buncombe County,,Yellow,
NC,28711,Buncombe County,,,Red
NC,28704,Buncombe County,Green,,
NC,28803,Buncombe County,Green,,
NC,28701,Buncombe County,Green,,
NC,28709,Buncombe County,,Yellow,
NC,28801,Buncombe County,,,Red
NC,28753,Buncombe County,,,Red
NC,28721,Buncombe County,,Yellow,
NC,28792,Buncombe County,,,Red
NC,28716,Buncombe County,Green,,
NC,28759,Buncombe County,,,Red
NC,28762,Buncombe County,,,Red
NC,28391,Cumberland County,,,Red
NC,28314,Cumberland County,Green,,
NC,28306,Cumberland County,,Yellow,
NC,28301,Cumberland County,,,Red
NC,28305,Cumberland County,Green,,
NC,28348,Cumberland County,,Yellow,
NC,28371,Cumberland County,Green,,
NC,28356,Cumberland County,Green,,
NC,28312,Cumberland County,,Yellow,
NC,28303,Cumberland County,,Yellow,
NC,28304,Cumberland County,,,Red
NC,28311,Cumberland County,Green,,
NC,28390,Cumberland County,,Yellow,
NC,28318,Cumberland County,,Yellow,
NC,28344,Cumberland County,Green,,
NC,28395,Cumberland County,Green,,
NC,28384,Cumberland County,,Yellow,
NC,28334,Cumberland County,,,Red
NC,28382,Cumberland County,,,Red
NC,28342,Cumberland County,,Yellow,
NC,28310,Cumberland County,,,Red
NC,28307,Cumberland County,,,Red
NC,28441,Cumberland County,,Yellow,
NC,28399,Cumberland County,,Yellow,
NC,28090,Cleveland County,,,Red
NC,28150,Cleveland County,,,Red
NC,28073,Cleveland County,,Yellow,
NC,28152,Cleveland County,Green,,
NC,28017,Cleveland County,Green,,
NC,28086,Cleveland County,Green,,
NC,28114,Cleveland County,,,Red
NC,28020,Cleveland County,Green,,
NC,28038,Cleveland County,Green,,
NC,28021,Cleveland County,,,Red
NC,28136,Cleveland County,,Yellow,
NC,28169,Cleveland County,,Yellow,
NC,28042,Cleveland County,,,Red
NC,28089,Cleveland County,Green,,
NC,28040,Cleveland County,,Yellow,
NC,28168,Cleveland County,,,Red
NC,27549,Franklin County,,Yellow,
NC,27508,Franklin County,Green,,
NC,27596,Franklin County,,,Red
NC,27525,Franklin County,,Yellow,
NC,27597,Franklin County,,Yellow,
NC,27544,Franklin County,Green,,
NC,27537,Franklin County,,Yellow,
NC,27816,Franklin County,,Yellow,
NC,27587,Franklin County,,,Red
NC,27589,Franklin County,Green,,
NC,27882,Franklin County,,Yellow,
NC,27608,Wake County,,Yellow,
NC,27610,Wake County,,,Red
NC,27613,Wake County,,,Red
NC,27540,Wake County,Green,,
NC,27597,Wake County,Green,,
NC,27529,Wake County,,,Red
NC,27545,Wake County,,Yellow,
NC,27601,Wake County,,,Red
NC,27539,Wake County,,Yellow,
NC,27592,Wake County,,,Red
NC,27607,Wake County,,,Red
NC,27603,Wake County,Green,,
NC,27591,Wake County,Green,,
NC,27587,Wake County,,Yellow,
NC,27609,Wake County,Green,,
NC,27511,Wake County,,,Red
NC,27513,Wake County,Green,,
NC,27571,Wake County,,,Red
NC,27526,Wake County,,,Red
NC,27604,Wake County,,,Red
NC,27617,Wake County,,Yellow,
NC,27615,Wake County,Green,,
NC,27616,Wake County,,,Red
NC,27606,Wake County,Green,,
NC,27502,Wake County,,,Red
NC,27612,Wake County,Green,,
NC,27519,Wake County,Green,,
NC,27605,Wake County,,Yellow,
NC,27523,Wake County,,,Red
NC,27560,Wake County,,Yellow,
NC,27562,Wake County,,,Red
NC,27614,Wake County,,Yellow,
NC,27518,Wake County,,Yellow,
NC,27522,Wake County,Green,,
NC,27501,Wake County,Green,,
NC,27520,Wake County,,,Red
NC,27596,Wake County,,Yellow,
NC,27713,Wake County,,Yellow,
NC,27703,Wake County,,,Red
NC,27602,Wake County,,Yellow,
NC,27695,Wake County,,Yellow,
NC,28677,Iredell County,,Yellow,
NC,28625,Iredell County,,,Red
NC,28634,Iredell County,,,Red
NC,28115,Iredell County,,,Red
NC,28117,Iredell County,Green,,
NC,28166,Iredell County,,,Red
NC,28660,Iredell County,Green,,
NC,28689,Iredell County,,Yellow,
NC,27055,Iredell County,Green,,
NC,27013,Iredell County,Green,,
NC,28678,Iredell County,Green,,
NC,27020,Iredell County,,,Red
NC,28125,Iredell County,,Yellow,
NC,28036,Iredell County,Green,,
NC,28636,Iredell County,Green,,
NC,27028,Iredell County,Green,,
NC,28422,Brunswick County,,Yellow,
NC,28461,Brunswick County,,Yellow,
NC,28451,Brunswick County,,,Red
NC,28467,Brunswick County,,Yellow,
NC,28462,Brunswick County,Green,,
NC,28469,Brunswick County,,,Red
NC,28470,Brunswick County,,Yellow,
NC,28465,Brunswick County,Green,,
NC,28420,Brunswick County,Green,,
NC,28479,Brunswick County,,Yellow,
NC,28468,Brunswick County,Green,,
NC,28456,Brunswick County,Green,,
NC,28452,Brunswick County,,Yellow,
NC,28436,Brunswick County,,,Red
NC,27864,Edgecombe County,,Yellow,
NC,27801,Edgecombe County,,Yellow,
NC,27891,Edgecombe County,,Yellow,
NC,27886,Edgecombe County,Green,,
NC,27822,Edgecombe County,,Yellow,
NC,27843,Edgecombe County,,Yellow,
NC,27881,Edgecombe County,,,Red
NC,27829,Edgecombe County,Green,,
NC,27852,Edgecombe County,,Yellow,
NC,27809,Edgecombe County,,,Red
NC,27812,Edgecombe County,,,Red
NC,27803,Edgecombe County,,,Red
NC,27819,Edgecombe County,,Yellow,
NC,27834,Edgecombe County,,Yellow,
NC,28025,Cabarrus County,Green,,
NC,28081,Cabarrus County,,Yellow,
NC,28075,Cabarrus County,,Yellow,
NC,28107,Cabarrus County,,,Red
NC,28027,Cabarrus County,,Yellow,
NC,28036,Cabarrus County,,Yellow,
NC,28124,Cabarrus County,Green,,
NC,28071,Cabarrus County,,,Red
NC,28083,Cabarrus County,,,Red
NC,28269,Cabarrus County,,,Red
NC,28215,Cabarrus County,,,Red
NC,28078,Cabarrus County,,Yellow,
NC,28138,Cabarrus County,,Yellow,
NC,28097,Cabarrus County,Green,,
NC,28227,Cabarrus County,,,Red
NC,28213,Cabarrus County,,Yellow,
NC,28262,Cabarrus County,Green,,
NC,28645,Caldwell County,,Yellow,
NC,28630,Caldwell County,,Yellow,
NC,28638,Caldwell County,Green,,
NC,28605,Caldwell County,Green,,
NC,28601,Caldwell County,,,Red
NC,28611,Caldwell County,Green,,
NC,28655,Caldwell County,,,Red
NC,28606,Caldwell County,,Yellow,
NC,28667,Caldwell County,,,Red
NC,28624,Caldwell County,,Yellow,
NC,28555,Onslow County,,,Red
NC,28445,Onslow County,Green,,
NC,28540,Onslow County,,,Red
NC,28460,Onslow County,Green,,
NC,28539,Onslow County,,Yellow,
NC,28546,Onslow County,,,Red
NC,28574,Onslow County,Green,,
NC,28454,Onslow County,Green,,
NC,28544,Onslow County,Green,,
NC,28584,Onslow County,,Yellow,
NC,28582,Onslow County,,,Red
NC,28518,Onslow County,,Yellow,
NC,28521,Onslow County,,Yellow,
NC,28572,Onslow County,,Yellow,
NC,28547,Onslow County,Green,,
NC,27312,Chatham County,,,Red
NC,27344,Chatham County,,Yellow,
NC,27523,Chatham County,Green,,
NC,27252,Chatham County,,,Red
NC,27517,Chatham County,Green,,
NC,27207,Chatham County,,,Red
NC,27208,Chatham County,Green,,
NC,27559,Chatham County,Green,,
NC,27713,Chatham County,,Yellow,
NC,27330,Chatham County,,,Red
NC,27516,Chatham County,,,Red
NC,27562,Chatham County,Green,,
NC,27298,Chatham County,Green,,
NC,27349,Chatham County,Green,,
NC,27502,Chatham County,Green,,
NC,27540,Chatham County,,,Red
NC,27519,Chatham County,,,Red
NC,27355,Chatham County,Green,,
NC,27707,Chatham County,,Yellow,
NC,27520,Johnston County,,,Red
NC,27577,Johnston County,,,Red
NC,27501,Johnston County,Green,,
NC,27504,Johnston County,Green,,
NC,27542,Johnston County,,Yellow,
NC,27603,Johnston County,Green,,
NC,27576,Johnston County,Green,,
NC,27529,Johnston County,,,Red
NC,27569,Johnston County,,Yellow,
NC,27597,Johnston County,Green,,
NC,27527,Johnston County,,Yellow,
NC,27591,Johnston County,Green,,
NC,27524,Johnston County,,Yellow,
NC,27592,Johnston County,,,Red
NC,27557,Johnston County,,Yellow,
NC,28366,Johnston County,,,Red
NC,28334,Johnston County,,Yellow,
NC,27568,Johnston County,,,Red
NC,27863,Johnston County,,Yellow,
NC,27555,Johnston County,Green,,
NC,27610,Johnston County,,,Red
NC,28080,Lincoln County,,Yellow,
NC,28090,Lincoln County,Green,,
NC,28092,Lincoln County,,Yellow,
NC,28164,Lincoln County,,Yellow,
NC,28037,Lincoln County,,,Red
NC,28021,Lincoln County,Green,,
NC,28168,Lincoln County,Green,,
NC,28033,Lincoln County,Green,,
NC,28650,Lincoln County,,Yellow,
NC,28006,Lincoln County,Green,,
NC,28673,Lincoln County,,,Red
NC,28054,Gaston County,Green,,
NC,28012,Gaston County,Green,,
NC,28056,Gaston County,,,Red
NC,28052,Gaston County,,Yellow,
NC,28120,Gaston County,Green,,
NC,28164,Gaston County,,,Red
NC,28021,Gaston County,Green,,
NC,28016,Gaston County,,Yellow,
NC,28086,Gaston County,,,Red
NC,28034,Gaston County,,Yellow,
NC,28032,Gaston County,,,Red
NC,28033,Gaston County,Green,,
NC,28092,Gaston County,,,Red
NC,28098,Gaston County,,,Red
NC,28006,Gaston County,Green,,
NC,28077,Gaston County,,,Red
NC,28101,Gaston County,,,Red
NC,28080,Gaston County,,,Red
NC,28411,New Hanover County,,,Red
NC,28401,New Hanover County,,Yellow,
NC,28429,New Hanover County,,,Red
NC,28403,New Hanover County,Green,,
NC,28449,New Hanover County,,Yellow,
NC,28428,New Hanover County,,Yellow,
NC,28412,New Hanover County,Green,,
NC,28409,New Hanover County,Green,,
NC,28405,New Hanover County,,,Red
NC,28480,New Hanover County,,,Red
NC,27217,Alamance County,,,Red
NC,27349,Alamance County,,,Red
NC,27253,Alamance County,,,Red
NC,27244,Alamance County,,,Red
NC,27302,Alamance County,,Yellow,
NC,27215,Alamance County,,Yellow,
NC,27258,Alamance County,Green,,
NC,27298,Alamance County,,,Red
NC,27249,Alamance County,Green,,
NC,27312,Alamance County,Green,,
NC,27344,Alamance County,,Yellow,
NC,27359,Alamance County,,Yellow,
NC,27201,Alamance County,Green,,
NC,27302,Orange County,Green,,
NC,27514,Orange County,,,Red
NC,27278,Orange County,Green,,
NC,27231,Orange County,,Yellow,
NC,27516,Orange County,,Yellow,
NC,27243,Orange County,,Yellow,
NC,27517,Orange County,,,Red
NC,27572,Orange County,Green,,
NC,27510,Orange County,,Yellow,
NC,27705,Orange County,,Yellow,
NC,27712,Orange County,,,Red
NC,27541,Orange County,,,Red
NC,27707,Orange County,Green,,
NC,27312,Orange County,,Yellow,
NC,27583,Orange County,,,Red
NC,28690,Burke County,Green,,
NC,28655,Burke County,,,Red
NC,28612,Burke County,Green,,
NC,28602,Burke County,,Yellow,
NC,28601,Burke County,,,Red
NC,28637,Burke County,,,Red
NC,28657,Burke County,Green,,
NC,28761,Burke County,,Yellow,
NC,28671,Burke County,,Yellow,
NC,28645,Burke County,Green,,
NC,28619,Burke County,,,Red
NC,28630,Burke County,Green,,
NC,28739,Henderson County,,Yellow,
NC,28792,Henderson County,,,Red
NC,28742,Henderson County,,Yellow,
NC,28790,Henderson County,,Yellow,
NC,28759,Henderson County,,,Red
NC,28731,Henderson County,Green,,
NC,28766,Henderson County,,Yellow,
NC,28729,Henderson County,,,Red
NC,28791,Henderson County,Green,,
NC,28773,Henderson County,Green,,
NC,28732,Henderson County,,,Red
NC,28704,Henderson County,Green,,
NC,28735,Henderson County,,,Red
NC,28726,Henderson County,,,Red
NC,28711,Henderson County,,,Red
NC,27858,Pitt County,,,Red
NC,27834,Pitt County,,,Red
NC,27837,Pitt County,,,Red
NC,28530,Pitt County,,,Red
NC,27889,Pitt County,,Yellow,
NC,28590,Pitt County,,,Red
NC,27812,Pitt County,Green,,
NC,27828,Pitt County,,,Red
NC,28513,Pitt County,,Yellow,
NC,27829,Pitt County,,Yellow,
NC,27884,Pitt County,Green,,
NC,27871,Pitt County,,Yellow,
NC,27817,Pitt County,,Yellow,
NC,28586,Pitt County,Green,,
NC,27886,Pitt County,,Yellow,
NC,27852,Pitt County,,,Red
NC,27879,Pitt County,,,Red
NC,27888,Pitt County,,,Red
NC,27019,Stokes County,Green,,
NC,27052,Stokes County,Green,,
NC,27021,Stokes County,,,Red
NC,27016,Stokes County,Green,,
NC,27022,Stokes County,Green,,
NC,27043,Stokes County,Green,,
NC,27050,Stokes County,,Yellow,
NC,27046,Stokes County,Green,,
NC,27053,Stokes County,,Yellow,
NC,27041,Stokes County,,Yellow,
NC,27030,Stokes County,,,Red
NC,27025,Stokes County,Green,,
NC,27042,Stokes County,,,Red
NC,27009,Stokes County,,,Red
NC,27045,Stokes County,,,Red
NC,27357,Stokes County,,,Red
NC,27320,Rockingham County,Green,,
NC,27249,Rockingham County,,,Red
NC,27357,Rockingham County,,,Red
NC,27288,Rockingham County,,,Red
NC,27025,Rockingham County,,Yellow,
NC,27358,Rockingham County,,Yellow,
NC,27048,Rockingham County,,,Red
NC,27326,Rockingham County,Green,,
NC,27311,Rockingham County,Green,,
NC,27027,Rockingham County,,,Red
NC,27375,Rockingham County,,,Red
NC,27214,Rockingham County,,Yellow,
NC,27046,Rockingham County,,Yellow,
NC,27332,Harnett County,,,Red
NC,28326,Harnett County,Green,,
NC,27546,Harnett County,Green,,
NC,27501,Harnett County,Green,,
NC,28334,Harnett County,,,Red
NC,28390,Harnett County,,Yellow,
NC,28339,Harnett County,,Yellow,
NC,27526,Harnett County,,Yellow,
NC,27540,Harnett County,Green,,
NC,27505,Harnett County,,Yellow,
NC,28323,Harnett County,Green,,
NC,27521,Harnett County,,,Red
NC,27504,Harnett County,Green,,
NC,28356,Harnett County,Green,,
NC,27330,Harnett County,Green,,
NC,27592,Harnett County,,Yellow,
NC,28560,Craven County,,,Red
NC,28586,Craven County,Green,,
NC,28562,Craven County,Green,,
NC,28532,Craven County,Green,,
NC,28523,Craven County,Green,,
NC,28527,Craven County,,,Red
NC,28526,Craven County,Green,,
NC,28530,Craven County,,,Red
NC,28519,Craven County,,Yellow,
NC,28573,Craven County,,Yellow,
NC,28373,Moore County,Green,,
NC,28394,Moore County,Green,,
NC,28315,Moore County,,Yellow,
NC,27376,Moore County,,Yellow,
NC,28327,Moore County,,Yellow,
NC,28374,Moore County,,,Red
NC,28387,Moore County,,Yellow,
NC,27281,Moore County,Green,,
NC,27356,Moore County,Green,,
NC,28326,Moore County,,,Red
NC,27325,Moore County,,Yellow,
NC,27242,Moore County,Green,,
NC,27341,Moore County,Green,,
NC,27209,Moore County,Green,,
NC,28347,Moore County,,,Red
NC,27208,Moore County,,Yellow,
NC,27330,Moore County,,,Red
NC,28350,Moore County,,,Red
NC,27259,Moore County,,Yellow,
NC,27574,Person County,,,Red
NC,27573,Person County,,Yellow,
NC,27583,Person County,,,Red
NC,27343,Person County,,,Red
NC,27541,Person County,,,Red
NC,27572,Person County,Green,,
NC,27305,Person County,Green,,
NC,27291,Person County,,Yellow,
NC,27565,Person County,,,Red
NC,28501,Lenoir County,,,Red
NC,28551,Lenoir County,,Yellow,
NC,28504,Lenoir County,,,Red
NC,28525,Lenoir County,,,Red
NC,28572,Lenoir County,,Yellow,
NC,28526,Lenoir County,Green,,
NC,28530,Lenoir County,,Yellow,
NC,28538,Lenoir County,Green,,
NC,28578,Lenoir County,,Yellow,
NC,28580,Lenoir County,Green,,
NC,27525,Granville County,Green,,
NC,27565,Granville County,,Yellow,
NC,27522,Granville County,Green,,
NC,27507,Granville County,Green,,
NC,27572,Granville County,,,Red
NC,27509,Granville County,,,Red
NC,27544,Granville County,,Yellow,
NC,27587,Granville County,,,Red
NC,27581,Granville County,,,Red
NC,27582,Granville County,Green,,
NC,27596,Granville County,,,Red
NC,27574,Granville County,,Yellow,
NC,28443,Pender County,Green,,
NC,28478,Pender County,,,Red
NC,28457,Pender County,,,Red
NC,28425,Pender County,Green,,
NC,28435,Pender County,,Yellow,
NC,28445,Pender County,,,Red
NC,28421,Pender County,,,Red
NC,28411,Pender County,,Yellow,
NC,28466,Pender County,,,Red
NC,28454,Pender County,,,Red
NC,28401,Pender County,Green,,
NC,28447,Pender County,,Yellow,
NC,28448,Pender County,,,Red
NC,28338,Richmond County,,,Red
NC,28379,Richmond County,,Yellow,
NC,28345,Richmond County,Green,,
NC,28363,Richmond County,Green,,
NC,28347,Richmond County,,,Red
NC,27306,Richmond County,,,Red
NC,28330,Richmond County,Green,,
NC,28367,Richmond County,,Yellow,
NC,27229,Richmond County,Green,,
NC,27281,Richmond County,,Yellow,
NC,28351,Richmond County,Green,,
NC,28746,Rutherford County,Green,,
NC,28043,Rutherford County,,,Red
NC,28040,Rutherford County,,,Red
NC,28018,Rutherford County,,Yellow,
NC,28114,Rutherford County,,Yellow,
NC,28139,Rutherford County,,,Red
NC,28160,Rutherford County,,,Red
NC,28167,Rutherford County,Green,,
NC,28020,Rutherford County,Green,,
NC,28076,Rutherford County,,,Red
NC,28024,Rutherford County,,Yellow,
NC,28720,Rutherford County,,Yellow,
NC,28019,Rutherford County,,,Red
NC,28756,Rutherford County,,Yellow,
NC,28074,Rutherford County,Green,,
NC,28752,Rutherford County,Green,,
NC,28711,Rutherford County,,Yellow,
NC,28681,Alexander County,Green,,
NC,28636,Alexander County,Green,,
NC,28601,Alexander County,,,Red
NC,28678,Alexander County,Green,,
NC,28689,Alexander County,,Yellow,
NC,28654,Alexander County,Green,,
NC,28630,Alexander County,Green,,
NC,28625,Alexander County,,,Red
NC,28752,Mcdowell County,Green,,
NC,28762,Mcdowell County,,Yellow,
NC,28761,Mcdowell County,Green,,
NC,28711,Mcdowell County,,Yellow,
NC,28777,Mcdowell County,,Yellow,
NC,28167,Mcdowell County,Green,,
NC,28655,Mcdowell County,,,Red
NC,28753,Madison County,Green,,
NC,28743,Madison County,,,Red
NC,28754,Madison County,,Yellow,
NC,28787,Madison County,,Yellow,
NC,28748,Madison County,,Yellow,
NC,28701,Madison County,,,Red
NC,27804,Nash County,,Yellow,
NC,27807,Nash County,,Yellow,
NC,27822,Nash County,,Yellow,
NC,27803,Nash County,Green,,
NC,27882,Nash County,,Yellow,
NC,27557,Nash County,Green,,
NC,27856,Nash County,,,Red
NC,27891,Nash County,,Yellow,
NC,27816,Nash County,,Yellow,
NC,27809,Nash County,Green,,
NC,27597,Nash County,,Yellow,
NC,27896,Nash County,Green,,
NC,27880,Nash County,,,Red
NC,27844,Nash County,,,Red
NC,28352,Scotland County,,Yellow,
NC,28396,Scotland County,,,Red
NC,28363,Scotland County,,,Red
NC,28343,Scotland County,,Yellow,
NC,28351,Scotland County,,,Red
NC,28364,Scotland County,,Yellow,
NC,28345,Scotland County,,,Red
NC,27028,Davie County,Green,,
NC,27006,Davie County,,,Red
NC,28634,Davie County,,Yellow,
NC,27055,Davie County,Green,,
NC,27014,Davie County,,Yellow,
NC,28625,Davie County,,Yellow,
NC,28369,Robeson County,,Yellow,
NC,28358,Robeson County,,,Red
NC,28384,Robeson County,,Yellow,
NC,28360,Robeson County,,Yellow,
NC,28371,Robeson County,Green,,
NC,28364,Robeson County,,,Red
NC,28340,Robeson County,,,Red
NC,28357,Robeson County,,Yellow,
NC,28386,Robeson County,Green,,
NC,28372,Robeson County,,Yellow,
NC,28383,Robeson County,Green,,
NC,28377,Robeson County,Green,,
NC,28352,Robeson County,,,Red
NC,28375,Robeson County,,Yellow,
NC,28362,Robeson County,Green,,
NC,28359,Robeson County,Green,,
NC,28604,Watauga County,,,Red
NC,28607,Watauga County,,,Red
NC,28605,Watauga County,Green,,
NC,28618,Watauga County,,Yellow,
NC,28679,Watauga County,,,Red
NC,28692,Watauga County,Green,,
NC,28698,Watauga County,Green,,
NC,28684,Watauga County,,Yellow,
NC,28622,Watauga County,,,Red
NC,28645,Watauga County,,Yellow,
NC,28657,Avery County,,,Red
NC,28604,Avery County,,Yellow,
NC,28622,Avery County,,Yellow,
NC,28777,Avery County,,,Red
NC,28646,Avery County,,Yellow,
NC,28611,Avery County,Green,,
NC,28679,Avery County,,Yellow,
NC,28605,Avery County,Green,,
NC,28782,Polk County,,,Red
NC,28722,Polk County,,,Red
NC,28756,Polk County,,Yellow,
NC,28773,Polk County,,,Red
NC,28139,Polk County,Green,,
NC,28731,Polk County,,,Red
NC,28792,Polk County,,Yellow,
NC,28642,Yadkin County,Green,,
NC,27020,Yadkin County,,,Red
NC,27055,Yadkin County,Green,,
NC,27011,Yadkin County,,,Red
NC,27018,Yadkin County,,Yellow,
NC,28634,Yadkin County,,,Red
NC,28689,Yadkin County,,Yellow,
NC,27947,Currituck County,,,Red
NC,27927,Currituck County,Green,,
NC,27939,Currituck County,Green,,
NC,27966,Currituck County,Green,,
NC,27965,Currituck County,,,Red
NC,27958,Currituck County,,Yellow,
NC,27950,Currituck County,,,Red
NC,27929,Currituck County,,,Red
NC,27973,Currituck County,,Yellow,
NC,27964,Currituck County,,Yellow,
NC,27941,Currituck County,,,Red
NC,27916,Currituck County,,Yellow,
NC,27917,Currituck County,,,Red
NC,27923,Currituck County,,,Red
NC,27956,Currituck County,,,Red
NC,28466,Duplin County,Green,,
NC,28398,Duplin County,,,Red
NC,28453,Duplin County,,Yellow,
NC,28349,Duplin County,Green,,
NC,28518,Duplin County,,,Red
NC,28521,Duplin County,,,Red
NC,28464,Duplin County,,,Red
NC,28572,Duplin County,,,Red
NC,28365,Duplin County,,,Red
NC,28574,Duplin County,Green,,
NC,28458,Duplin County,,,Red
NC,28508,Duplin County,Green,,
NC,28341,Duplin County,,,Red
NC,28444,Duplin County,,Yellow,
NC,28525,Duplin County,,Yellow,
NC,28393,Duplin County,,Yellow,
NC,28578,Duplin County,,,Red
NC,28325,Duplin County,Green,,
NC,28478,Duplin County,Green,,
NC,28133,Anson County,,,Red
NC,28135,Anson County,Green,,
NC,28119,Anson County,,Yellow,
NC,28170,Anson County,,Yellow,
NC,28091,Anson County,,,Red
NC,28103,Anson County,,,Red
NC,28007,Anson County,,,Red
NC,28594,Carteret County,,,Red
NC,28584,Carteret County,Green,,
NC,28570,Carteret County,,,Red
NC,28582,Carteret County,,,Red
NC,28557,Carteret County,Green,,
NC,28516,Carteret County,,,Red
NC,28531,Carteret County,,,Red
NC,28528,Carteret County,,,Red
NC,28512,Carteret County,Green,,
NC,28577,Carteret County,,Yellow,
NC,28579,Carteret County,,,Red
NC,28581,Carteret County,Green,,
NC,28553,Carteret County,,Yellow,
NC,28520,Carteret County,,Yellow,
NC,28511,Carteret County,,Yellow,
NC,28524,Carteret County,Green,,
NC,28734,Macon County,,Yellow,
NC,28713,Macon County,,Yellow,
NC,28763,Macon County,,,Red
NC,28781,Macon County,,,Red
NC,28741,Macon County,Green,,
NC,28775,Macon County,,,Red
NC,28779,Macon County,,Yellow,
NC,28723,Jackson County,,Yellow,
NC,28736,Jackson County,Green,,
NC,28774,Jackson County,,Yellow,
NC,28717,Jackson County,,Yellow,
NC,28789,Jackson County,,Yellow,
NC,28741,Jackson County,,Yellow,
NC,28779,Jackson County,,,Red
NC,28783,Jackson County,,Yellow,
NC,28707,Jackson County,,,Red
NC,28719,Jackson County,,,Red
NC,28751,Jackson County,Green,,
NC,28714,Yancey County,,,Red
NC,28740,Yancey County,,Yellow,
NC,28754,Yancey County,Green,,
NC,28777,Yancey County,,,Red
NC,28705,Yancey County,,,Red
NC,27982,Dare County,Green,,
NC,27948,Dare County,,Yellow,
NC,27949,Dare County,Green,,
NC,27959,Dare County,,,Red
NC,27954,Dare County,,Yellow,
NC,27953,Dare County,,,Red
NC,27978,Dare County,,Yellow,
NC,27981,Dare County,,Yellow,
NC,27972,Dare County,,Yellow,
NC,27936,Dare County,,Yellow,
NC,27920,Dare County,,,Red
NC,27915,Dare County,,Yellow,
NC,27968,Dare County,,,Red
NC,27943,Dare County,Green,,
NC,27330,Lee County,Green,,
NC,27332,Lee County,,,Red
NC,27505,Lee County,,Yellow,
NC,28326,Lee County,Green,,
NC,27331,Lee County,,Yellow,
NC,28771,Graham County,,Yellow,
NC,28733,Graham County,Green,,
NC,28702,Graham County,,Yellow,
NC,28337,Bladen County,,Yellow,
NC,28433,Bladen County,,Yellow,
NC,28320,Bladen County,Green,,
NC,28456,Bladen County,,,Red
NC,28448,Bladen County,,Yellow,
NC,28434,Bladen County,Green,,
NC,28392,Bladen County,Green,,
NC,28306,Bladen County,,,Red
NC,28441,Bladen County,,,Red
NC,28438,Bladen County,,,Red
NC,28423,Bladen County,,,Red
NC,28399,Bladen County,,,Red
NC,28444,Bladen County,,,Red
NC,28384,Bladen County,,,Red
NC,28447,Bladen County,,,Red
NC,28312,Bladen County,,,Red
NC,28332,Bladen County,Green,,
NC,28435,Bladen County,,,Red
NC,28382,Bladen County,,Yellow,
NC,28450,Bladen County,,,Red
NC,27962,Washington County,,Yellow,
NC,27970,Washington County,Green,,
NC,27928,Washington County,Green,,
NC,27860,Washington County,,Yellow,
NC,28768,Transylvania County,,Yellow,
NC,28747,Transylvania County,,Yellow,
NC,28712,Transylvania County,Green,,
NC,28772,Transylvania County,Green,,
NC,28774,Transylvania County,,Yellow,
NC,28708,Transylvania County,,Yellow,
NC,28766,Transylvania County,Green,,
NC,28718,Transylvania County,Green,,
NC,28742,Transylvania County,Green,,
NC,28739,Transylvania County,Green,,
NC,28573,Jones County,,,Red
NC,28555,Jones County,,,Red
NC,28585,Jones County,,,Red
NC,28501,Jones County,,,Red
NC,28562,Jones County,,Yellow,
NC,28572,Jones County,Green,,
NC,28526,Jones County,,Yellow,
NC,28504,Jones County,,,Red
NC,28574,Jones County,,Yellow,
NC,28901,Cherokee County,,,Red
NC,28906,Cherokee County,,Yellow,
NC,28902,Cherokee County,Green,,
NC,28905,Cherokee County,Green,,
NC,27306,Montgomery County,,,Red
NC,27356,Montgomery County,,Yellow,
NC,27229,Montgomery County,Green,,
NC,27371,Montgomery County,,Yellow,
NC,28127,Montgomery County,,Yellow,
NC,27209,Montgomery County,,Yellow,
NC,27281,Montgomery County,,Yellow,
NC,27341,Montgomery County,,Yellow,
NC,28338,Montgomery County,,,Red
NC,27803,Wilson County,Green,,
NC,27822,Wilson County,,,Red
NC,27893,Wilson County,Green,,
NC,27542,Wilson County,Green,,
NC,27851,Wilson County,Green,,
NC,27557,Wilson County,Green,,
NC,27880,Wilson County,,Yellow,
NC,27807,Wilson County,,,Red
NC,27896,Wilson County,Green,,
NC,27830,Wilson County,Green,,
NC,27813,Wilson County,,,Red
NC,27883,Wilson County,,Yellow,
NC,27888,Wilson County,,,Red
NC,27873,Wilson County,,,Red
NC,27829,Wilson County,,Yellow,
NC,27852,Wilson County,,,Red
NC,27536,Vance County,,,Red
NC,27553,Vance County,Green,,
NC,27537,Vance County,,Yellow,
NC,27507,Vance County,,Yellow,
NC,27565,Vance County,Green,,
NC,27544,Vance County,Green,,
NC,27563,Vance County,,,Red
NC,27556,Vance County,Green,,
NC,27212,Caswell County,,Yellow,
NC,27326,Caswell County,,Yellow,
NC,27311,Caswell County,,Yellow,
NC,27320,Caswell County,,Yellow,
NC,27244,Caswell County,Green,,
NC,27249,Caswell County,,,Red
NC,27315,Caswell County,,,Red
NC,27379,Caswell County,Green,,
NC,27217,Caswell County,Green,,
NC,27305,Caswell County,,Yellow,
NC,27302,Caswell County,,Yellow,
NC,27215,Caswell County,,Yellow,
NC,27314,Caswell County,,Yellow,
NC,27291,Caswell County,,,Red
NC,27343,Caswell County,Green,,
NC,27231,Caswell County,,,Red
NC,28560,Pamlico County,,,Red
NC,28510,Pamlico County,Green,,
NC,28562,Pamlico County,,Yellow,
NC,28529,Pamlico County,,Yellow,
NC,28509,Pamlico County,,,Red
NC,28571,Pamlico County,,Yellow,
NC,28515,Pamlico County,,,Red
NC,28587,Pamlico County,,,Red
NC,28583,Pamlico County,,Yellow,
NC,28556,Pamlico County,,Yellow,
NC,28552,Pamlico County,Green,,
NC,28537,Pamlico County,Green,,
NC,28663,Alleghany County,Green,,
NC,28672,Alleghany County,Green,,
NC,28644,Alleghany County,,Yellow,
NC,28675,Alleghany County,Green,,
NC,28627,Alleghany County,Green,,
NC,28623,Alleghany County,,Yellow,
NC,28668,Alleghany County,,Yellow,
NC,28631,Alleghany County,,,Red
NC,27872,Bertie County,,Yellow,
NC,27847,Bertie County,,,Red
NC,27983,Bertie County,,Yellow,
NC,27849,Bertie County,Green,,
NC,27805,Bertie County,,,Red
NC,27910,Bertie County,,,Red
NC,27869,Bertie County,,Yellow,
NC,27924,Bertie County,Green,,
NC,27957,Bertie County,Green,,
NC,27967,Bertie County,,,Red
NC,28617,Ashe County,,Yellow,
NC,28672,Ashe County,,,Red
NC,28644,Ashe County,,Yellow,
NC,28615,Ashe County,,,Red
NC,28693,Ashe County,,,Red
NC,28643,Ashe County,Green,,
NC,28684,Ashe County,,,Red
NC,28631,Ashe County,Green,,
NC,28694,Ashe County,Green,,
NC,28640,Ashe County,Green,,
NC,28698,Ashe County,,Yellow,
NC,28626,Ashe County,,Yellow,
NC,28629,Ashe County,,Yellow,
NC,27889,Beaufort County,,Yellow,
NC,27871,Beaufort County,,Yellow,
NC,27962,Beaufort County,,,Red
NC,27865,Beaufort County,,Yellow,
NC,27860,Beaufort County,,,Red
NC,27808,Beaufort County,,Yellow,
NC,27810,Beaufort County,Green,,
NC,27817,Beaufort County,,Yellow,
NC,27814,Beaufort County,,Yellow,
NC,28586,Beaufort County,,,Red
NC,27837,Beaufort County,Green,,
NC,27806,Beaufort County,,,Red
NC,27821,Beaufort County,,,Red
NC,27892,Beaufort County,,Yellow,
NC,27834,Beaufort County,Green,,
NC,27976,Camden County,,Yellow,
NC,27921,Camden County,,,Red
NC,27973,Camden County,,Yellow,
NC,27974,Camden County,Green,,
NC,27932,Chowan County,,Yellow,
NC,27980,Chowan County,,Yellow,
NC,27946,Chowan County,Green,,
NC,27944,Chowan County,,Yellow,
NC,27919,Chowan County,Green,,
NC,28909,Clay County,,Yellow,
NC,28902,Clay County,Green,,
NC,28904,Clay County,,,Red
NC,28906,Clay County,,Yellow,
NC,28734,Clay County,Green,,
NC,28463,Columbus County,,Yellow,
NC,28430,Columbus County,,Yellow,
NC,28439,Columbus County,,Yellow,
NC,28432,Columbus County,,,Red
NC,28431,Columbus County,Green,,
NC,28472,Columbus County,,Yellow,
NC,28424,Columbus County,,Yellow,
NC,28455,Columbus County,Green,,
NC,28438,Columbus County,,,Red
NC,28320,Columbus County,Green,,
NC,28433,Columbus County,,Yellow,
NC,28442,Columbus County,,Yellow,
NC,28450,Columbus County,,,Red
NC,28423,Columbus County,,,Red
NC,28456,Columbus County,,,Red
NC,28436,Columbus County,,Yellow,
NC,27937,Gates County,Green,,
NC,27938,Gates County,,Yellow,
NC,27926,Gates County,,Yellow,
NC,27979,Gates County,Green,,
NC,27935,Gates County,,Yellow,
NC,27946,Gates County,Green,,
NC,27919,Gates County,Green,,
NC,27883,Greene County,Green,,
NC,28580,Greene County,,,Red
NC,27863,Greene County,,,Red
NC,27888,Greene County,,Yellow,
NC,27828,Greene County,,Yellow,
NC,28551,Greene County,,Yellow,
NC,28538,Greene County,,,Red
NC,28554,Greene County,,Yellow,
NC,28530,Greene County,,Yellow,
NC,28513,Greene County,Green,,
NC,27850,Halifax County,Green,,
NC,27823,Halifax County,Green,,
NC,27844,Halifax County,Green,,
NC,27870,Halifax County,,Yellow,
NC,27839,Halifax County,,,Red
NC,27874,Halifax County,Green,,
NC,27843,Halifax County,,Yellow,
NC,27890,Halifax County,,,Red
NC,27891,Halifax County,,Yellow,
NC,27818,Hertford County,,,Red
NC,27805,Hertford County,,Yellow,
NC,27897,Hertford County,Green,,
NC,27855,Hertford County,Green,,
NC,27910,Hertford County,,Yellow,
NC,27986,Hertford County,,,Red
NC,27922,Hertford County,,Yellow,
NC,27942,Hertford County,Green,,
NC,27924,Hertford County,Green,,
NC,28377,Hoke County,,Yellow,
NC,28364,Hoke County,,,Red
NC,28386,Hoke County,,Yellow,
NC,28376,Hoke County,,,Red
NC,28304,Hoke County,,,Red
NC,28306,Hoke County,Green,,
NC,28315,Hoke County,Green,,
NC,28357,Hoke County,Green,,
NC,28371,Hoke County,,Yellow,
NC,27960,Hyde County,,Yellow,
NC,27929,Hyde County,,,Red
NC,27824,Hyde County,,,Red
NC,27826,Hyde County,Green,,
NC,27885,Hyde County,,Yellow,
NC,27921,Hyde County,,Yellow,
NC,27810,Hyde County,,Yellow,
NC,27875,Hyde County,,,Red
NC,27860,Hyde County,,,Red
NC,27846,Martin County,Green,,
NC,27892,Martin County,,,Red
NC,27871,Martin County,,,Red
NC,27825,Martin County,Green,,
NC,27861,Martin County,Green,,
NC,27857,Martin County,,Yellow,
NC,27812,Martin County,,Yellow,
NC,27840,Martin County,Green,,
NC,27841,Martin County,,,Red
NC,27843,Martin County,Green,,
NC,28705,Mitchell County,,,Red
NC,28777,Mitchell County,,,Red
NC,28740,Mitchell County,Green,,
NC,28765,Mitchell County,,,Red
NC,27832,Northampton County,,Yellow,
NC,27842,Northampton County,Green,,
NC,27866,Northampton County,Green,,
NC,27831,Northampton County,,,Red
NC,27845,Northampton County,Green,,
NC,27820,Northampton County,,Yellow,
NC,27855,Northampton County,,,Red
NC,27862,Northampton County,,Yellow,
NC,27876,Northampton County,,,Red
NC,27897,Northampton County,,,Red
NC,27869,Northampton County,Green,,
NC,27853,Northampton County,,Yellow,
NC,27877,Northampton County,,Yellow,
NC,27919,Perquimans County,Green,,
NC,27944,Perquimans County,,Yellow,
NC,27980,Perquimans County,,Yellow,
NC,27932,Perquimans County,,Yellow,
NC,27985,Perquimans County,Green,,
NC,27909,Pasquotank County,Green,,
NC,28328,Sampson County,Green,,
NC,28382,Sampson County,Green,,
NC,28318,Sampson County,,Yellow,
NC,28385,Sampson County,Green,,
NC,28344,Sampson County,,,Red
NC,28444,Sampson County,,Yellow,
NC,28478,Sampson County,Green,,
NC,28447,Sampson County,,Yellow,
NC,28366,Sampson County,,Yellow,
NC,28341,Sampson County,,,Red
NC,28441,Sampson County,,Yellow,
NC,28458,Sampson County,,,Red
NC,28334,Sampson County,Green,,
NC,28365,Sampson County,,,Red
NC,28453,Sampson County,,Yellow,
NC,28393,Sampson County,,Yellow,
NC,28391,Sampson County,Green,,
NC,28466,Sampson County,Green,,
NC,28713,Swain County,,Yellow,
NC,28771,Swain County,Green,,
NC,28781,Swain County,,,Red
NC,28702,Swain County,Green,,
NC,28789,Swain County,Green,,
NC,28719,Swain County,,Yellow,
NC,27024,Surry County,Green,,
NC,27030,Surry County,Green,,
NC,28683,Surry County,Green,,
NC,28676,Surry County,,Yellow,
NC,28621,Surry County,,,Red
NC,27017,Surry County,,Yellow,
NC,27011,Surry County,,Yellow,
NC,27049,Surry County,,,Red
NC,27053,Surry County,,Yellow,
NC,27007,Surry County,,,Red
NC,27047,Surry County,,Yellow,
NC,27043,Surry County,,,Red
NC,27041,Surry County,,Yellow,
NC,27925,Tyrrell County,Green,,
NC,27928,Tyrrell County,Green,,
NC,27826,Tyrrell County,Green,,
NC,27553,Warren County,,Yellow,
NC,27537,Warren County,Green,,
NC,27563,Warren County,,,Red
NC,27589,Warren County,,Yellow,
NC,27551,Warren County,,,Red
NC,27850,Warren County,,Yellow,
NC,27844,Warren County,,Yellow,
NC,27842,Warren County,,,Red
NC,28365,Wayne County,,Yellow,
NC,27534,Wayne County,,Yellow,
NC,27542,Wayne County,Green,,
NC,28659,Wilkes County,,,Red
NC,28669,Wilkes County,Green,,
NC,28697,Wilkes County,,Yellow,
NC,28606,Wilkes County,Green,,
NC,28654,Wilkes County,Green,,
NC,28621,Wilkes County,Green,,
NC,28670,Wilkes County,,Yellow,
NC,28676,Wilkes County,,Yellow,
NC,28685,Wilkes County,,Yellow,
NC,28624,Wilkes County,Green,,
NC,28645,Wilkes County,Green,,
NC,28665,Wilkes County,,,Red
NC,28618,Wilkes County,Green,,
NC,28651,Wilkes County,Green,,
NC,28649,Wilkes County,,Yellow,
NC,28635,Wilkes County,,,Red
NC,28642,Wilkes County,Green,,
NC,28689,Wilkes County,,,Red
NC,27020,Wilkes County,,Yellow,
NC,28683,Wilkes County,,,Red
NC,28644,Wilkes County,,,Red